"","Symbol","mktcap"
"1","BTC",17358587
"259","ETH",3226565
"25","XRP",2854577
"639","BCH",1358625
"595","EOS",752175
"149","XLM",703696
"2","LTC",471145
"768","ADA",290425
"213","USDT",277840
"117","XMR",276403
"725","TRX",233150
"563","MIOTA",206383
"62","DASH",203602
"646","BNB",195169
"383","NEO",162615
"367","ETC",151498
"222","XEM",130361
"769","XTZ",125481
"410","ZEC",94960
"1692","VET",89916
"832","BTG",72747
"446","MKR",70706
"623","OMG",70405
"683","ZRX",68802
"39","DOGE",68732
"302","DCR",54791
"1246","ONT",54112
"535","QTUM",53858
"322","LSK",47812
"545","BAT",46264
"548","AE",43111
"1150","ZIL",43062
"932","BCD",41330
"141","BTS",39925
"472","NANO",39902
"843","ICX",38499
"265","SC",37704
"50","DGB",36958
"127","BCN",36684
"328","STEEM",34657
"1282","NPXS",34175
"183","XVG",32888
"664","BTM",30057
"348","WAVES",29018
"739","LINK",28965
"1500","AOA",27753
"1243","TUSD",27600
"279","REP",25598
"550","ETP",25503
"416","GNT",25167
"373","STRAT",24536
"871","ETN",24133
"614","PPT",22135
"1358","HOT",22100
"448","KMD",21740
"701","WTC",20859
"1935","PAX",20846
"592","SNT",20532
"2009","USDC",20532
"1285","WAN",17818
"366","ARDR",17359
"781","CNX",17090
"1256","RVN",16663
"1090","IOST",15897
"833","KCS",15481
"812","AION",15446
"107","MAID",15409
"1287","MITH",15370
"1370","NEXO",15351
"706","LRC",14391
"480","ARK",13253
"1175","POLY",13163
"327","DGD",12908
"585","GXS",12819
"731","MANA",12815
"54","RDD",12724
"689","HC",12599
"997","ELF",12438
"303","PIVX",12308
"570","BNT",12141
"555","VERI",11971
"998","WAX",11912
"1181","HT",11886
"925","QASH",11764
"87","MONA",11544
"590","FUN",11435
"1748","XET",11234
"602","MCO",11123
"546","ZEN",10900
"950","CMT",10702
"1004","DAI",10650
"1267","LOOM",10626
"1088","MOAC",10543
"669","DCN",10405
"691","NAS",10308
"1068","SXDT",10032
"1101","THETA",10000
"559","MGO",9984
"1270","DROP",9893
"32","NXT",9859
"867","POWR",9731
"591","PAY",9655
"1038","XIN",9617
"869","R",9586
"757","SALT",9463
"401","XZC",9110
"1447","DGTX",8938
"947","DRGN",8796
"744","KNC",8703
"630","CVC",8015
"608","GAS",7956
"1465","EDR",7947
"154","SYS",7801
"902","GVT",7429
"1172","ELA",7275
"796","ENG",7270
"677","DENT",7221
"995","STORM",7033
"838","NULS",7014
"1140","OCN",6983
"1314","CTXC",6970
"915","PRL",6792
"599","STORJ",6726
"746","SUB",6654
"1557","IQ",6430
"159","EMC",6335
"1254","BTCP",6328
"1728","INB",6314
"202","NXS",6296
"276","FCT",6185
"1488","GO",6089
"754","KIN",6065
"807","EDO",6058
"1308","ODE",6052
"1036","WICC",5956
"865","ENJ",5835
"1469","QKC",5777
"795","CND",5760
"823","REQ",5738
"96","GRS",5709
"1522","MFT",5680
"508","RLC",5604
"1155","MAN",5576
"786","BCO",5559
"1610","ARB",5527
"989","GTO",5513
"1108","AGI",5456
"1003","BIX",5449
"1264","CENNZ",5398
"1216","NEC",5336
"776","RHOC",5064
"708","POE",5056
"723","NEBL",5052
"399","ICN",5047
"48","VTC",4904
"1645","BHPC",4890
"1792","LKY",4875
"1186","TKY",4874
"1255","TEN",4865
"996","DTR",4845
"1002","BRD",4818
"631","ETHOS",4778
"841","BOS",4748
"1769","QNT",4734
"876","DATA",4719
"1304","TPAY",4692
"431","GBYTE",4687
"499","SKY",4664
"1222","NCASH",4662
"977","IGNIS",4610
"1209","FSN",4588
"642","PLR",4510
"622","SAN",4482
"1080","TEL",4463
"1184","BLZ",4446
"738","PRO",4397
"1284","BFT",4397
"924","QSP",4377
"888","RDN",4251
"940","TNB",4216
"722","MDA",4199
"830","AMB",4133
"604","WGR",4066
"1452","IOTX",4057
"1035","HPB",4040
"1128","C20",4024
"1217","REN",3937
"1219","STQ",3907
"1578","GBC",3795
"566","SNM",3788
"978","SMT",3763
"5","PPC",3760
"129","NAV",3726
"1250","TOMO",3726
"1131","CRPT",3705
"1009","SRN",3690
"943","LEND",3633
"532","ANT",3577
"1112","DDD",3567
"1236","CS",3525
"1228","POA",3515
"853","PHX",3508
"164","UBQ",3478
"994","OST",3471
"2077","BOX",3454
"1435","LBA",3452
"729","CREDO",3444
"1778","PMA",3440
"1616","NIX",3430
"299","SLS",3407
"188","BLOCK",3370
"1679","VITAE",3361
"521","GNO",3341
"1789","TTC",3316
"613","MTL",3276
"1084","KEY",3254
"1182","DMT",3249
"1157","RUFF",3242
"170","BITCNY",3193
"1457","ZIP",3180
"1474","MEDX",3162
"1317","CVT",3111
"133","XDN",3100
"1617","APL",3081
"83","EMC2",3069
"697","ACT",3046
"192","BAY",3028
"1441","CPT",2996
"1130","DTA",2991
"1139","TRUE",2978
"1740","XPX",2955
"1335","DIG",2952
"636","PART",2942
"1190","WPR",2919
"933","VEE",2914
"304","SAFEX",2866
"987","LOC",2846
"1369","LRN",2830
"143","VIA",2827
"659","DNT",2781
"1078","BTO",2780
"1225","ABT",2753
"1401","BZNT",2739
"745","VIBE",2716
"400","SNGLS",2711
"829","MOD",2710
"1405","ATX",2702
"1000","DEW",2688
"637","SMART",2685
"1152","SLT",2685
"1086","RNT",2678
"522","TKN",2656
"1278","NOAH",2637
"1177","JNT",2624
"975","MDS",2591
"1154","SOC",2587
"1891","QNTU",2581
"596","ADX",2575
"99","XWC",2563
"991","GNX",2553
"1015","UTK",2532
"842","RCN",2524
"1319","EOSDAC",2504
"161","BURST",2502
"968","WABI",2482
"435","WINGS",2462
"1442","APIS",2422
"378","EDR",2414
"700","TNT",2389
"1028","GTC",2387
"1408","CNN",2385
"1316","CPX",2378
"1468","PAI",2371
"557","QRL",2353
"1239","AUTO",2352
"1512","TTU",2349
"930","SPANK",2345
"365","SBD",2338
"124","CLOAK",2335
"412","ZCL",2316
"1421","LOKI",2291
"486","EDG",2287
"1057","INS",2286
"808","AST",2281
"2010","ETA",2274
"1053","TCT",2270
"1032","COV",2269
"1389","NTY",2252
"507","XBY",2244
"912","XLQ",2240
"1373","HYDRO",2238
"1113","MOBI",2215
"2071","TDP",2208
"858","FUEL",2205
"662","CDT",2196
"1564","VITE",2191
"1614","EURS",2181
"6","NVC",2179
"1310","XSN",2163
"751","COSS",2137
"1001","NGC",2129
"1252","BAX",2105
"628","LINDA",2092
"1232","IHT",2091
"788","PPP",2070
"1543","MOC",2068
"955","ITC",2067
"1889","RTH",2063
"1338","XHV",2042
"1185","SWM",2010
"1499","MET",2008
"1518","WWB",1993
"1016","QLC",1987
"1234","LYM",1984
"134","BBR",1975
"556","ECA",1972
"91","FAIR",1967
"1233","RFR",1951
"1440","XYO",1943
"1849","TMC",1942
"493","XAS",1923
"1351","DOCK",1913
"653","MSP",1912
"1163","CPC",1897
"1034","APPC",1859
"703","PST",1848
"1230","RKT",1835
"999","MED",1823
"351","ION",1820
"94","NLG",1815
"415","LKK",1813
"1059","UTT",1811
"686","YOYOW",1801
"266","GCR",1800
"483","MER",1794
"22","CSC",1789
"1377","BCI",1789
"162","GAME",1779
"1005","SPHTX",1774
"1162","ZPT",1774
"1012","DBC",1768
"1470","LYL",1751
"1461","SEELE",1740
"889","DPY",1729
"1085","INT",1715
"1455","NKN",1710
"257","LEO",1696
"1566","SCRL",1695
"1279","LGO",1692
"518","BTX",1689
"1459","SPD",1689
"1931","ROX",1680
"1432","CLO",1678
"1581","COSM",1678
"169","BITUSD",1673
"1386","MTC",1666
"1415","SKB",1651
"424","DCT",1648
"1561","KAN",1646
"1218","LCC",1642
"33","UNO",1640
"811","BCPT",1601
"1837","BTN",1587
"1508","ZCN",1560
"1460","REPO",1557
"773","KICK",1554
"281","$PAC",1547
"421","PASC",1545
"1030","BLT",1545
"1950","ECOREAL",1540
"1618","HORUS",1526
"1014","NEU",1522
"1148","TRAC",1520
"1341","DERO",1517
"7","FTC",1515
"520","LUN",1489
"1828","NRG",1487
"502","HPC",1482
"1502","TERN",1468
"601","ADT",1461
"873","MNX",1461
"916","B2B",1456
"1153","FOTA",1452
"775","VIB",1451
"764","COB",1449
"359","LBC",1446
"716","MTH",1446
"884","ARN",1438
"1493","BWT",1436
"949","PRE",1433
"258","AEON",1432
"390","XTO",1421
"767","BIS",1413
"1834","QBIT",1407
"1211","MWAT",1400
"1607","MVL",1399
"1274","NANJ",1395
"1283","BITG",1394
"533","PZM",1384
"1698","LINA",1376
"63","XCP",1369
"787","EVX",1361
"818","EVR",1357
"191","CRW",1344
"1951","DAPS",1340
"1067","ATN",1338
"20","XPM",1335
"718","DLT",1327
"46","DIME",1325
"961","BWK",1318
"1031","SWFTC",1315
"668","TIX",1311
"922","INK",1306
"1854","IMT",1303
"571","CFI",1302
"719","HVN",1302
"1241","TUBE",1302
"1448","GIN",1299
"1604","LFT",1294
"1251","GRFT",1291
"1257","TFD",1281
"1924","IOG",1264
"3","NMC",1259
"1265","HAV",1240
"627","XRL",1239
"1507","DCC",1236
"1397","FXT",1235
"1203","UTNP",1228
"462","MLN",1221
"2016","BCZERO",1154
"1914","EDN",1151
"569","ZRC",1144
"897","DBET",1133
"1111","CHAT",1133
"31","FLO",1123
"1648","SEM",1122
"267","SHIFT",1104
"1453","EXC",1103
"1299","SEN",1097
"1135","EKT",1087
"886","PHR",1080
"1700","INO",1079
"607","PLBT",1072
"1011","HTML",1064
"1361","ZCO",1056
"814","ART",1050
"423","INCNT",1048
"485","SOAR",1048
"1095","SPC",1047
"575","XEL",1041
"211","BITB",1040
"1076","BKX",1037
"880","UKG",1027
"1320","UUU",1021
"397","1ST",1008
"317","RVR",1007
"1107","AURA",1005
"1640","BBK",1004
"658","OAX",1000
"86","ECC",994
"573","NMR",992
"136","THC",978
"1213","DADI",978
"1114","HOT",975
"1972","SINS",973
"1974","NER",970
"2076","YEED",959
"1572","BOX",940
"1674","SDA",936
"1492","UPP",931
"40","DMD",926
"1010","CPAY",925
"1434","PAT",921
"1800","ZP",916
"1813","NSD",914
"1120","YEE",905
"1681","ROCK2",886
"1208","CAS",885
"74","PND",882
"1161","HLC",877
"1933","SIX",873
"761","COLX",865
"1165","HMC",865
"868","GRID",861
"1276","UP",856
"758","ORME",855
"139","CLAM",853
"187","MUE",849
"398","PEPECASH",838
"2003","IFOOD",838
"1062","QUN",837
"1349","CHX",837
"1149","LET",836
"1402","LIF",836
"1392","PAL",835
"1991","FREE",832
"836","LA",831
"852","DOV",831
"740","BMC",827
"1372","DAX",822
"1074","BCA",819
"1133","CV",818
"1029","TAU",811
"1311","XDCE",807
"1716","OPTI",801
"1281","NPX",794
"850","LUX",791
"1178","CHSB",791
"672","ONION",790
"1195","MLM",789
"1206","RMT",789
"1458","SOUL",782
"221","PURA",780
"1624","NPW",780
"1479","TMT",776
"524","HMQ",770
"57","POT",764
"1463","IVY",764
"88","RBY",758
"1345","MRK",756
"1517","CARD",747
"648","PBT",746
"1374","SS",746
"1704","AVINOC",746
"1697","VIN",742
"1995","MASH",739
"80","XMY",738
"1399","SKM",737
"21","ANC",734
"1021","MOT",733
"1597","ZPR",733
"226","XAUR",732
"784","HBT",731
"1146","BPT",731
"296","RADS",729
"586","ATCC",728
"1527","FTI",728
"589","FLASH",726
"1410","GSC",726
"100","AC",716
"76","BLK",715
"1536","HSC",706
"288","AMP",704
"1596","LCS",697
"752","CSNO",696
"1205","EVN",696
"1046","AIDOC",694
"439","XSPEC",691
"1923","BOXX",691
"1298","SWTH",690
"489","DTB",689
"1484","CEEK",683
"1782","FTT",677
"1253","ELEC",673
"1307","NCT",672
"1495","MVP",671
"1147","AXPR",668
"476","MUSIC",663
"733","XPA",660
"1176","MTN",660
"1754","UBEX",660
"1579","BWX",657
"1671","DACS",657
"1191","UCASH",656
"1544","NIM",650
"1008","DIM",649
"799","ZSC",648
"1043","GET",648
"215","GRC",647
"598","BET",640
"898","HST",639
"1362","LND",637
"1494","DAG",635
"1433","UBT",628
"1271","BANCA",625
"1958","MAS",621
"1639","RMESH",617
"115","VRC",615
"1363","XES",613
"1770","ABL",612
"145","IOC",609
"1226","REM",608
"1173","STK",606
"641","TOA",605
"1511","EGT",604
"952","CAPP",601
"861","RMC",599
"625","CVN",598
"209","DOT",596
"1354","BBC",595
"496","GUP",592
"1048","POLIS",586
"1227","EXY",584
"1780","XBI",584
"609","SNC",581
"645","OCT",581
"1696","ECOM",581
"810","CAG",580
"1324","DEV",578
"984","DAT",573
"357","RISE",569
"1710","NBC",568
"1851","ESN",568
"1231","BEZ",567
"1247","DATX",567
"529","DICE",564
"1049","HKN",564
"1306","XTL",564
"1214","NTK",561
"605","ECOB",557
"1215","GEM",556
"1075","UGC",553
"110","NYC",548
"2069","HLM",548
"379","XP",546
"539","APX",544
"491","XLR",540
"1277","BBN",537
"1758","THR",535
"953","ERO",534
"562","PPY",533
"1709","SCR",531
"138","XST",529
"1077","EKO",529
"923","BOT",527
"1524","GOT",522
"484","TAAS",519
"125","BSD",516
"1065","KRM",515
"1929","PYN",514
"386","NLC2",511
"1672","EBC",507
"822","DRT",505
"1364","VIPS",504
"298","YOC",499
"1384","MITX",499
"633","STA",498
"66","MINT",497
"1229","XNK",497
"1353","LNC",493
"2043","WIRE",493
"1280","1WO",490
"1498","ETK",487
"1549","ATMI",483
"236","GAM",482
"1688","MGD",482
"1376","TTT",480
"1545","BZ",480
"1560","BMX",480
"1318","SENT",479
"753","RVT",477
"1483","CBC",477
"1487","XMX",477
"1069","SXUT",473
"1412","DGX",472
"907","PAYX",471
"1992","TOL",471
"201","COVAL",467
"1873","CCL",461
"1127","TNC",457
"1548","OLT",457
"465","TIME",456
"494","DBIX",456
"1654","ZEL",456
"840","PRG",455
"921","DNA",455
"1189","DXT",455
"1249","CHP",455
"1170","CXO",454
"2036","SNET",454
"877","XSH",453
"1473","OMX",452
"1855","MIC",449
"330","ESP",448
"834","EXRN",447
"181","AU",443
"660","STX",443
"946","QBT",443
"1605","WAB",443
"1551","FNKOS",442
"1622","VEX",442
"1400","GEN",441
"452","WCT",440
"1960","TRXC",440
"1658","CZR",435
"1641","NCC",433
"1037","MDT",432
"1438","MRPH",432
"1653","FMF",431
"42","OMNI",427
"274","SIB",427
"1587","RLX",426
"1289","PCL",423
"273","EXP",420
"1052","ZAP",420
"564","MYST",418
"1979","DEC",417
"651","IXT",413
"1647","ZMN",412
"1064","LEV",410
"1061","BDG",409
"1124","SSC",408
"1141","IDH",404
"890","ZEPH",402
"1144","AID",402
"1845","UT",402
"196","OK",401
"690","TFL",399
"1565","GARD",399
"92","SLR",398
"1786","LGS",397
"1890","RET",397
"1649","ARO",396
"1793","ABX",396
"913","GBX",394
"212","GEO",393
"468","SWT",391
"835","POLL",389
"976","PRA",389
"554","PTOY",388
"396","SEQ",387
"481","DYN",386
"1263","DEB",386
"1333","BRM",384
"939","FLIXX",383
"1812","CBC",383
"927","TSL",380
"1599","LPC",376
"1753","DX",373
"1350","MSR",371
"1699","BTT",371
"1033","CAN",369
"1145","EVE",366
"280","SHND",364
"1830","DAV",363
"1745","TIC",362
"2008","RSTR",362
"1528","PCH",359
"1946","MLC",359
"1506","RTE",358
"1584","TRTL",355
"511","TRST",354
"1368","NBAI",351
"882","NIO",350
"81","NOTE",349
"1446","RED",349
"688","MYB",348
"1396","AC3",347
"1846","XRA",346
"1291","RNTB",344
"1635","CEN",342
"1482","PKC",339
"1158","NKC",338
"1348","SRCOIN",338
"1123","AAC",337
"1258","SHIP",336
"1439","SNTR",336
"1476","ABYSS",335
"717","AVT",333
"1305","BERRY",333
"1906","GENE",333
"802","SIC",330
"1242","LEDU",325
"128","ABY",323
"1109","GAT",323
"2012","WTL",323
"1342","EFX",320
"168","FLDC",318
"1071","VZT",318
"1451","AVA",317
"123","MOTO",314
"1204","ACAT",314
"1501","ALX",312
"112","PINK",311
"679","IFT",311
"1159","COFI",311
"1327","CBT",311
"789","AIR",308
"1360","APH",304
"1303","FDZ",303
"1642","COIN",303
"1301","SENC",302
"1429","HER",302
"229","SPHR",301
"362","SYNX",300
"26","QRK",299
"792","ALIS",297
"1417","NPER",297
"1583","OLE",291
"1742","SCC",290
"1382","FLP",289
"848","PIRL",288
"1878","PRJ",288
"69","AUR",287
"1523","CCCX",287
"1426","CLN",286
"1489","SSP",286
"501","ATMOS",285
"704","OPT",279
"696","BQ",278
"1659","FOOD",277
"1859","ALI",277
"674","ADST",276
"1180","ADB",274
"1775","SVD",273
"905","LTHN",269
"1006","BNTY",268
"1744","FORK",268
"1821","MIB",266
"1017","PLAY",265
"106","BLU",263
"232","XSD",263
"425","GOLOS",261
"1694","X8X",259
"1105","IPL",258
"454","GCC",255
"1701","KNT",255
"1260","SHP",254
"1238","INSTAR",253
"417","IOP",252
"993","STAR",251
"750","PIX",250
"97","XPD",249
"174","EXCL",249
"793","BTCZ",248
"1752","NOKU",247
"831","ICOS",245
"783","REAL",244
"1221","CPY",244
"261","TX",242
"960","SNOV",242
"1356","HBZ",242
"1087","SENSE",240
"979","HWC",239
"1519","ONL",237
"826","BLUE",236
"1515","BOB",236
"1554","NUSD",235
"1629","NBR",235
"626","NET",234
"974","UQC",234
"1056","REBL",234
"828","LIFE",233
"132","KORE",231
"1018","MTX",231
"163","WSX",230
"1248","J8T",229
"1179","ZLA",228
"1911","UCN",228
"482","TKS",224
"777","INXT",224
"1808","CTC",224
"957","SEND",223
"1171","TRF",223
"1636","BITX",223
"119","CURE",222
"338","2GIVE",222
"270","BCY",220
"23","CBX",219
"980","PKT",219
"1343","FTX",219
"900","UFR",218
"2007","BC",218
"477","ZER",217
"326","QWARK",215
"1383","CMCT",215
"1467","0xBTC",215
"282","1337",214
"1537","LIKE",214
"1762","METM",213
"2024","S",213
"384","LMC",212
"2074","JSE",212
"251","SPRTS",211
"1237","BEE",211
"1971","CPLO",210
"937","DIVX",209
"1026","CAT",209
"1833","DOW",209
"1912","CRBT",207
"1244","HQX",206
"1398","ZIPT",206
"243","HXX",205
"734","SCL",201
"1791","SEAL",201
"79","ZEIT",200
"870","ATL",200
"1820","KWATT",200
"381","KB3",199
"158","NEOS",198
"794","HGT",198
"1450","FACE",198
"1807","RATING",198
"1563","MTC",197
"332","XHI",196
"361","BRX",196
"2097","RKC",196
"1321","ADH",194
"1856","UBC",194
"43","TIPS",193
"172","USNBT",192
"1025","FDX",191
"1174","PARETO",191
"1129","ARY",190
"1976","RPM",190
"253","CPC",188
"310","MEME",188
"1824","SONIQ",188
"685","SMOKE",187
"287","OBITS",186
"1266","FLUZ",186
"59","MAX",184
"426","NXC",184
"1842","VULC",183
"1423","SHL",182
"1895","BIR",182
"1966","ERT",182
"1290","SIG",181
"1332","DAN",181
"1197","LOCI",180
"1302","VIT",180
"547","ETBS",179
"1235","SETH",179
"597","DNR",174
"1773","XAP",174
"904","PRIX",173
"928","PBL",172
"391","PLU",171
"1092","AIT",171
"1963","DAGT",171
"821","OTN",170
"1359","TRAK",169
"1993","QUAN",169
"1106","IDXM",168
"293","RC",167
"1207","DTH",165
"14","GLD",164
"1556","TGAME",162
"1295","IPSX",161
"1765","AKA",161
"1785","HB",161
"217","LDOGE",160
"1490","HOLD",160
"364","HEAT",159
"387","VRM",159
"615","WOMEN",158
"893","BPL",158
"68","DOPE",157
"2088","PEDI",157
"1261","LALA",156
"1977","BETHER",156
"732","IND",155
"52","TES",154
"988","WRC",154
"1202","TIG",154
"1273","LATX",154
"1378","BETR",154
"89","BELA",153
"1601","RYO",153
"233","UNIT",152
"1764","C2C",152
"1454","LUC",151
"148","CANN",150
"152","HYP",150
"742","ELIX",149
"1406","FREC",148
"75","UFO",147
"728","BUZZ",147
"727","REX",146
"941","WISH",146
"1212","GLA",146
"1525","THRT",146
"747","DAY",145
"1713","XCEL",145
"1872","EVN",144
"1858","FLOT",141
"948","PFR",140
"735","ATB",139
"558","ETT",138
"4","TRC",137
"970","WAND",137
"551","EBST",136
"1885","ZEST",136
"1901","BTXC",134
"1576","KRL",132
"748","CHIPS",131
"1491","TRTT",131
"413","ZOI",130
"543","SUMO",130
"577","MRT",129
"621","HERO",129
"1294","SPD",128
"1510","FSBT",128
"1167","SMS",127
"1732","OWN",127
"892","TIE",126
"1575","JOT",126
"1760","CYFM",126
"355","BRK",125
"437","DAR",125
"638","SKIN",125
"1404","OOT",124
"238","ADC",122
"12","WDC",121
"230","MEDIC",121
"972","CRED",121
"47","42",120
"1391","BOUTS",120
"147","CARBON",119
"193","GCN",119
"1268","GETX",119
"1509","ZINC",119
"1801","MOZO",119
"1329","AUC",118
"587","GOOD",117
"1706","SPN",117
"53","NOBL",116
"593","EFYT",116
"1505","ORS",116
"1664","XUN",116
"1954","MNP",116
"866","IBTC",115
"1098","HORSE",115
"1573","PTT",115
"863","EBTC",114
"1119","REF",114
"294","EGC",113
"1456","NAVI",113
"2034","ENTS",113
"1102","MVC",112
"1449","INV",111
"1466","BBO",111
"371","KRB",110
"971","SPF",110
"1436","LWF",110
"1839","TAC",110
"1717","GIC",109
"619","RUP",108
"682","TCC",108
"1110","SEXC",108
"1829","FTXT",108
"61","HUC",107
"1840","CST",107
"1300","XCLR",106
"1784","TALAO",106
"498","ECN",105
"862","FYP",105
"938","MONK",104
"673","CAT",103
"1286","AMLT",103
"1567","SPX",103
"490","UNI",102
"942","EVC",102
"1394","GENE",102
"770","VOISE",101
"1134","TBX",101
"1334","MFG",100
"1007","ACE",99
"1582","NRVE",99
"1772","ZCR",99
"165","BUN",98
"1615","EXMR",98
"71","PTC",97
"910","SGR",97
"958","BON",97
"1798","GPKR",97
"350","PWR",96
"1160","EQL",96
"108","XBC",95
"432","POSW",95
"1099","RCT",94
"1313","FID",94
"1550","XMCT",94
"772","ATM",93
"1083","HAC",93
"944","ONG",92
"1371","VME",91
"1852","FKX",91
"210","KOBO",90
"695","BBP",90
"1245","STAC",90
"603","PING",89
"1292","XBP",89
"1540","XSG",89
"1103","PUT",88
"225","NTRN",87
"345","NLX",87
"929","MAG",87
"1352","PHI",87
"418","VRS",86
"537","EQT",86
"1562","CDM",86
"1693","KIND",86
"1925","AOG",86
"179","BITS",85
"523","RAIN",85
"678","MBI",85
"849","XNN",85
"875","FOR",85
"2073","ROBET",85
"1940","XCASH",84
"1941","SHARD",82
"1192","MNTP",81
"10","IXC",80
"219","LOG",80
"1259","LDC",80
"1559","NOBS",80
"1602","BIT",80
"1652","WEB",80
"1714","LYNX",80
"1746","EGEM",80
"207","SMLY",79
"1547","ZXC",79
"973","SCT",78
"419","HUSH",77
"1183","ING",77
"15","ARG",76
"667","NDC",76
"762","TZC",76
"2014","NDX",76
"442","CCRB",75
"720","VSX",75
"1888","PENG",75
"1921","EVI",75
"1942","IQN",75
"657","KEK",74
"1496","FGC",74
"93","EFL",73
"175","TROLL",73
"1023","PYLNT",73
"220","CRAVE",72
"901","STU",72
"1477","PMNT",72
"1478","HUR",72
"1687","EUNO",72
"2096","MTRC",72
"30","I0C",71
"146","XCN",71
"581","DCY",71
"1665","BTK",71
"78","PHO",70
"120","SUPER",70
"859","ELLA",70
"1096","ORE",70
"1643","KLKS",70
"1735","IG",70
"1968","AUX",70
"2015","ZEUS",70
"41","ORB",69
"451","TSE",69
"241","FJC",68
"699","XMCC",68
"1899","BEN",68
"60","Q2C",67
"82","SKC",67
"1024","STAK",67
"1980","XGS",67
"1592","FOXT",66
"1627","WSD",66
"1055","AIX",65
"1558","ENGT",65
"565","MORE",63
"1169","BTW",63
"1875","DIT",63
"2067","ALT",63
"1922","CFL",62
"255","MANNA",61
"1355","DML",61
"1422","SGN",61
"1917","XCG",61
"2037","SMQ",61
"503","ZENI",60
"528","CREA",60
"681","RIYA",60
"759","KLN",60
"1200","BIO",60
"1894","GNR",60
"2053","BLOC",60
"177","DP",59
"756","TGT",59
"1967","WEB",59
"620","PCN",58
"1424","FND",58
"1443","FT",58
"1989","ACM",58
"90","FLT",57
"347","CTL",57
"887","INN",57
"1045","CFUN",57
"1188","ESZ",57
"1269","HIRE",57
"1541","DTX",57
"385","BTDX",56
"1340","CRC",56
"2089","GZRO",56
"155","BTM",55
"184","NSR",55
"228","AIB",55
"513","ALT",55
"1380","AMN",55
"1385","LIVE",55
"1663","BND",55
"368","808",54
"726","OCL",54
"1395","APR",54
"1795","HAND",54
"29","TAG",53
"111","CDN",53
"1041","CL",53
"2023","SHPING",53
"405","ARC",52
"817","XGOX",52
"1431","TKA",52
"1609","NCP",52
"1661","PTS",52
"1866","CYMT",52
"1959","WELL",52
"2106","TYPE",52
"13","DGC",51
"649","CMPCO",51
"665","MAO",51
"705","SUR",51
"1656","OBT",51
"2070","FBN",51
"103","POP",50
"206","NKA",50
"1240","EZT",50
"341","LANA",49
"1593","RTB",49
"2064","IXE",49
"1516","KNDC",48
"1336","ADI",47
"1594","TOLL",47
"2000","WSP",47
"339","XPTX",46
"954","MAGE",46
"1323","BSM",46
"1763","NTK",46
"171","BITBTC",45
"670","RUPX",45
"986","AMM",45
"1187","DRPU",45
"1445","CAZ",45
"1897","AAA",45
"1955","PYX",45
"291","MOIN",44
"309","TRUMP",43
"911","VIU",43
"1513","DOR",43
"1708","BBS",43
"1928","BUNNY",43
"180","DSH",42
"290","ADZ",42
"344","MXT",42
"883","CTX",42
"1739","XDNA",42
"1920","CSTL",42
"2059","IRD",42
"17","PXC",41
"166","OPAL",41
"208","BITSILVER",41
"588","BRO",41
"806","PIPL",41
"1571","ELY",41
"1853","BEET",41
"1939","SOL",41
"335","EL",40
"438","IFLT",40
"803","ATS",40
"1081","IC",40
"1293","LNC",40
"1638","PRIV",40
"2051","MMO",40
"1262","OCC",39
"2046","HUZU",39
"687","GRWI",38
"1044","OPC",38
"1805","CATO",38
"2031","SURE",38
"27","ZET",37
"247","ZNY",37
"329","FANS",37
"847","IETH",37
"1100","ARCT",37
"18","MEC",36
"370","ELE",36
"449","FRST",36
"594","BRIA",36
"618","DAXX",36
"899","SSS",36
"11","BTB",35
"198","BITGOLD",35
"323","EDRC",35
"1634","PUREX",35
"58","BLC",34
"130","PIGGY",34
"144","TRI",34
"252","HNC",34
"286","DFT",34
"962","SAGA",34
"1390","CJT",34
"9","FRC",33
"56","UTC",33
"142","TRK",33
"237","BTA",33
"760","MCI",33
"1297","BSTN",33
"1357","ORI",33
"1403","TEAM",33
"1589","VIEW",33
"199","UIS",32
"1613","PGN",32
"1947","PHON",32
"84","BTCS",31
"137","BRIT",31
"195","BCF",31
"197","XPY",31
"239","SNRG",31
"567","LINX",31
"846","ITT",31
"1060","CDX",31
"2005","WIX",31
"2085","WTN",31
"34","XJO",30
"38","DEM",30
"185","SPR",30
"436","DIX",30
"895","EPY",30
"1366","BTRN",30
"2087","DDX",30
"73","CASH",29
"131","START",29
"1220","TDX",29
"1344","EARTH",29
"1420","BMH",29
"1591","VIKKY",29
"16","FST",28
"307","RBIES",28
"610","JET",28
"1199","JC",28
"1667","DTEM",28
"1719","PKG",28
"2062","BITS",28
"116","TEK",27
"427","VSL",27
"1986","KNT",27
"55","NYAN",26
"104","BITS",26
"109","TALK",26
"574","UNIFY",26
"1073","UCOM",26
"1379","TNS",26
"1633","VIVID",26
"190","TTC",25
"313","HODL",25
"715","MTNC",25
"743","XBL",25
"800","ECASH",25
"931","VOT",25
"945","CCO",25
"1712","XOV",25
"1818","MORE",25
"1904","BTAD",25
"244","XRA",24
"616","BDL",24
"1425","DTRC",24
"1998","NRP",24
"156","HAL",23
"479","NETKO",23
"516","PROC",23
"724","VIVO",23
"1040","NMS",23
"1620","BWS",23
"1956","DACH",23
"1965","WIT",23
"2092","EZW",23
"173","XMG",22
"186","RBT",22
"467","RNS",22
"655","CRM",22
"765","REC",22
"1987","BENZ",22
"2049","ATH",22
"24","EMD",21
"189","GAP",21
"358","CHESS",21
"411","ASAFE2",21
"526","MNE",21
"778","WHL",21
"813","TRCT",21
"1668","BBK",21
"1883","IQ",21
"2017","WAGE",21
"240","BITEUR",20
"271","PAK",20
"363","CJ",20
"1089","TOKC",20
"1538","YUP",20
"1990","BLAST",20
"295","CRB",19
"525","ITI",19
"530","INSN",19
"534","RLT",19
"825","ETG",19
"1193","JEW",19
"1608","XXX",19
"1695","CMM",19
"1781","SGP",19
"2004","EGX",19
"2033","RPD",19
"37","GDC",18
"246","IRL",18
"382","GOLF",18
"495","KED",18
"782","WILD",18
"935","ACC",18
"1702","CROAT",18
"1999","SCRIV",18
"51","SMC",17
"65","ICN",17
"72","MARS",17
"77","LTB",17
"333","ARCO",17
"360","PUT",17
"632","BTWTY",17
"763","ODN",17
"839","BTCRED",17
"1051","STN",17
"1586","TOTO",17
"1684","BTCN",17
"1736","HTH",17
"1738","DGS",17
"2048","ZNT",17
"2083","TELOS",17
"67","ARI",16
"118","LCP",16
"349","ICOO",16
"474","PASL",16
"538","DMB",16
"549","V",16
"583","ONX",16
"629","MBRS",16
"643","SIGT",16
"694","ACC",16
"780","EBET",16
"785","CCT",16
"791","SDRN",16
"1662","OPCX",16
"1814","PRTX",16
"582","XLC",15
"671","SHDW",15
"926","ZZC",15
"1603","ACED",15
"1810","GRPH",15
"1865","MRI",15
"8","MNC",14
"126","C2",14
"153","J",14
"389","JIN",14
"402","ATOM",14
"459","CNT",14
"478","HONEY",14
"879","DSR",14
"964","KBR",14
"1312","TDS",14
"1416","BANK",14
"1930","PLURA",14
"2013","SIM",14
"2065","RPI",14
"2078","ITL",14
"85","CNO",13
"140","QTL",13
"320","MOJO",13
"354","GB",13
"514","WGO",13
"540","MCAP",13
"572","GLT",13
"906","EBCH",13
"1779","ARION",13
"1788","FNTB",13
"1815","LOBS",13
"1874","DIN",13
"2056","DATP",13
"2102","CSOUL",13
"28","SRC",12
"35","DTC",12
"135","BLZ",12
"150","TIT",12
"234","PKB",12
"242","FUNK",12
"269","BOLI",12
"277","DUO",12
"315","NEVA",12
"353","XRE",12
"443","VIDZ",12
"749","TKR",12
"878","ELTCOIN",12
"965","TOK",12
"969","CRC",12
"1097","HC",12
"1328","GRMD",12
"1876","HAVY",12
"285","SCRT",11
"311","XCT",11
"325","BERN",11
"334","XBTC21",11
"337","611",11
"647","300",11
"675","DDF",11
"680","XCXT",11
"730","DRXNE",11
"860","QVT",11
"1826","DELTA",11
"1861","ZBA",11
"1997","STEEP",11
"121","BOST",10
"275","SWING",10
"314","BIGUP",10
"336","ZUR",10
"420","KURT",10
"737","ETHD",10
"1143","GUESS",10
"1867","BTR",10
"105","QBC",9
"176","BSTY",9
"272","INFX",9
"301","EVIL",9
"422","ENT",9
"497","USC",9
"560","AMMO",9
"600","SOCC",9
"851","NTWK",9
"1132","SPK",9
"1650","ACRE",9
"1877","CARE",9
"1926","CTRT",9
"2066","CHEESE",9
"223","8BIT",8
"324","POST",8
"455","BOAT",8
"512","DEUS",8
"1655","BNN",8
"1944","PAXEX",8
"2022","PSC",8
"2061","HELP",8
"2080","BIT",8
"44","RPC",7
"113","DRM",7
"167","ACOIN",7
"216","XCO",7
"250","CPN",7
"352","HVCO",7
"393","DLC",7
"440","XSTC",7
"461","MSCN",7
"1013","HBC",7
"1142","QBIC",7
"1156","GRLC",7
"1678","GMCN",7
"1747","AREPA",7
"1803","MFTU",7
"1832","BNC0",7
"1961","AZART",7
"1982","PASS",7
"49","RED",6
"262","GCC",6
"316","BUMBA",6
"377","TAJ",6
"456","ERY",6
"542","MAY",6
"885","STARS",6
"920","DGPT",6
"985","TRDT",6
"1418","JOINT",6
"1444","XRH",6
"1673","TCH",6
"1776","YLC",6
"1936","GOSS",6
"1948","ACTP",6
"2045","XIND",6
"2094","SAKE",6
"95","PLC",5
"151","VTA",5
"182","STV",5
"200","GP",5
"205","SOON",5
"263","AMS",5
"264","EUC",5
"268","VEC2",5
"283","$$$",5
"284","SOIL",5
"312","IMS",5
"356","CMT",5
"447","DRS",5
"463","ALL",5
"492","IMX",5
"634","COAL",5
"652","GSR",5
"702","BRAT",5
"779","FLIK",5
"805","EXN",5
"844","JS",5
"1104","NOX",5
"1381","PLAN",5
"1726","RGS",5
"1847","FLM",5
"1994","FOX",5
"224","LEA",4
"227","CF",4
"318","PEX",4
"331","FUZZ",4
"388","ZYD",4
"403","JOBS",4
"441","BENJI",4
"457","ELS",4
"469","PIE",4
"471","VISIO",4
"515","MCRN",4
"580","KNC",4
"692","DALC",4
"790","POS",4
"919","PNX",4
"959","NUKO",4
"1996","OUR",4
"2047","KUN",4
"98","PLNC",3
"178","PXI",3
"235","ARB",3
"254","FLAX",3
"297","LTCR",3
"308","ADCN",3
"319","CAB",3
"444","ICOB",3
"460","MAR",3
"475","MILO",3
"487","B@",3
"517","SCS",3
"527","CNNC",3
"561","NRO",3
"584","BTPL",3
"707","LTCU",3
"710","KRONE",3
"855","ROOFS",3
"881","CRDNC",3
"894","GRIM",3
"956","JIYO",3
"966","PCOIN",3
"1743","NYEX",3
"1881","IMP",3
"1978","RAGNA",3
"2029","JIYOX",3
"2095","ROCK",3
"64","CACH",2
"122","BTQ",2
"218","SONG",2
"248","BSC",2
"380","VLT",2
"394","MST",2
"433","LUNA",2
"453","ICON",2
"473","GEERT",2
"488","WORM",2
"504","CXT",2
"536","ECO",2
"576","COUPE",2
"635","LBTC",2
"1703","BTCONE",2
"1823","BITF",2
"1844","STR",2
"1907","URALS",2
"2082","PNY",2
"214","WBB",1
"245","CREVA",1
"249","ACP",1
"278","SANDG",1
"342","PONZI",1
"372","VPRC",1
"428","DOLLAR",1
"429","VLTC",1
"445","IBANK",1
"464","PRC",1
"466","ARGUS",1
"506","CONX",1
"519","VOLT",1
"644","CTIC2",1
"709","NTO",1
"755","ITZ",1
"804","RKC",1
"854","PLACO",1
"2011","BSX",1
"2081","MODX",1
"450","MGM",0
"541","NANOX",0
"640","HMC",0
"676","BAS",0
"684","BLN",0
"797","CTIC3",0
"934","AI",0
"990","YTN",0
"2002","SHADE",0
"2055","CJS",0
